FID,OBJECTID,NAMOBJ,LUASWH,TIPADM,WADMKC,WADMKD,WADMKK,WADMPR,Shape
0,91924,Gubug,366.1015916,1,Tabanan,Gubug,Tabanan,Bali,Polygon ZM
1,91925,Gulingan,521.8826516,1,Mengwi,Gulingan,Badung,Bali,Polygon ZM
2,91926,Kemenuh,698.8783616,1,Sukawati,Kemenuh,Gianyar,Bali,Polygon ZM
3,91927,Kenderan,639.4961271,1,Tegallalang,Kenderan,Gianyar,Bali,Polygon ZM
4,91928,Lukluk,407.9861805,2,Mengwi,Lukluk,Badung,Bali,Polygon ZM
5,91929,Lumbung,732.8302097,1,Selemadeg Barat,Lumbung,Tabanan,Bali,Polygon ZM
6,91930,Lumbung Kauh,973.8983367,1,Selemadeg Barat,Lumbung Kauh,Tabanan,Bali,Polygon ZM
7,91931,Bunga Mekar,1696.617155,1,Nusa Penida,Bunga Mekar,Klungkung,Bali,Polygon ZM
8,91932,Bungaya,321.8840707,1,Bebandem,Bungaya,Karangasem,Bali,Polygon ZM
9,91933,Bungaya Kangin,301.9472668,1,Bebandem,Bungaya Kangin,Karangasem,Bali,Polygon ZM
10,91934,Bungbungan,300.2568658,1,Banjarangkan,Bungbungan,Klungkung,Bali,Polygon ZM
11,91935,Bungkulan,868.4359753,1,Sawan,Bungkulan,Buleleng,Bali,Polygon ZM
12,91936,Bunutan,3746.348506,1,Abang,Bunutan,Karangasem,Bali,Polygon ZM
13,91937,Bunutin,296.8472388,1,Bangli,Bunutin,Bangli,Bali,Polygon ZM
14,91938,Bunutin,342.038884,1,Kintamani,Bunutin,Bangli,Bali,Polygon ZM
15,91939,Buruan,292.734043,1,Penebel,Buruan,Tabanan,Bali,Polygon ZM
16,91940,Buruan,412.0448676,1,Blahbatuh,Buruan,Gianyar,Bali,Polygon ZM
17,91941,Busungbiu,512.1662322,1,Busungbiu,Busungbiu,Buleleng,Bali,Polygon ZM
18,91942,Gumbrih,1407.812122,1,Pekutatan,Gumbrih,Jembrana,Bali,Polygon ZM
19,91943,Gunaksa,743.0959745,1,Dawan,Gunaksa,Klungkung,Bali,Polygon ZM
20,91944,Gunung Salak,711.4338255,1,Selemadeg Timur,Gunung Salak,Tabanan,Bali,Polygon ZM
21,91945,Kendran,35.25885451,2,Buleleng,Kendran,Buleleng,Bali,Polygon ZM
22,91946,Keramas,424.1353769,1,Blahbatuh,Keramas,Gianyar,Bali,Polygon ZM
23,91947,Kerambitan,155.1980594,1,Kerambitan,Kerambitan,Tabanan,Bali,Polygon ZM
24,91948,Luwus,645.8577216,1,Baturiti,Luwus,Tabanan,Bali,Polygon ZM
25,91949,Macang,212.7212816,1,Bebandem,Macang,Karangasem,Bali,Polygon ZM
26,91950,Madenan,1063.459932,1,Tejakula,Madenan,Buleleng,Bali,Polygon ZM
27,91951,Buwit,275.6568346,1,Kediri,Buwit,Tabanan,Bali,Polygon ZM
28,91952,Candikuning,2319.127873,1,Baturiti,Candikuning,Tabanan,Bali,Polygon ZM
29,91953,Candikusuma,803.1517956,1,Melaya,Candikusuma,Jembrana,Bali,Polygon ZM
30,91954,Gunungbau,147.6762127,1,Kintamani,Gunungbau,Bangli,Bali,Polygon ZM
31,91955,Gunungsari,293.1077807,1,Seririt,Gunungsari,Buleleng,Bali,Polygon ZM
32,91956,Guwang,291.5685406,1,Sukawati,Guwang,Gianyar,Bali,Polygon ZM
33,91957,Jagapati,180.2887543,1,Abiansemal,Jagapati,Badung,Bali,Polygon ZM
34,91958,Jagaraga,416.3659543,1,Sawan,Jagaraga,Buleleng,Bali,Polygon ZM
35,91959,Kerobokan,442.3173266,2,Kuta Utara,Kerobokan,Badung,Bali,Polygon ZM
36,91960,Kerobokan,253.3300102,1,Sawan,Kerobokan,Buleleng,Bali,Polygon ZM
37,91961,Kerobokan Kaja,337.8226194,2,Kuta Utara,Kerobokan Kaja,Badung,Bali,Polygon ZM
38,91962,Kerobokan Kelod,779.1428631,2,Kuta Utara,Kerobokan Kelod,Badung,Bali,Polygon ZM
39,91963,Mambal,358.2650833,1,Abiansemal,Mambal,Badung,Bali,Polygon ZM
40,91964,Mambang,733.0862092,1,Selemadeg Timur,Mambang,Tabanan,Bali,Polygon ZM
41,91965,Manduang,243.8025289,1,Klungkung,Manduang,Klungkung,Bali,Polygon ZM
42,91966,Manggis,938.0729108,1,Manggis,Manggis,Karangasem,Bali,Polygon ZM
43,91967,Canggu,563.4181956,1,Kuta Utara,Canggu,Badung,Bali,Polygon ZM
44,91968,Carangsari,564.914765,1,Petang,Carangsari,Badung,Bali,Polygon ZM
45,91969,Catur,1083.198456,1,Kintamani,Catur,Bangli,Bali,Polygon ZM
46,91970,Jatiluwih,2338.558893,1,Penebel,Jatiluwih,Tabanan,Bali,Polygon ZM
47,91971,Jegu,387.224805,1,Penebel,Jegu,Tabanan,Bali,Polygon ZM
48,91972,Jehem,847.5458779,1,Tembuku,Jehem,Bangli,Bali,Polygon ZM
49,91973,Kerta,1703.25553,1,Payangan,Kerta,Gianyar,Bali,Polygon ZM
50,91974,Manggissari,1396.785049,1,Pekutatan,Manggissari,Jembrana,Bali,Polygon ZM
51,91975,Mangguh,242.0592625,1,Kintamani,Mangguh,Bangli,Bali,Polygon ZM
52,91976,Cau Belayu,419.2495902,1,Marga,Cau Belayu,Tabanan,Bali,Polygon ZM
53,91977,Celuk,170.0751904,1,Sukawati,Celuk,Gianyar,Bali,Polygon ZM
54,91978,Celukanbawang,398.6980517,1,Gerokgak,Celukanbawang,Buleleng,Bali,Polygon ZM
55,91979,Cemagi,475.0652753,1,Mengwi,Cemagi,Badung,Bali,Polygon ZM
56,91980,Jelijih Punggang,797.8658593,1,Pupuan,Jelijih Punggang,Tabanan,Bali,Polygon ZM
57,91981,Jimbaran,2270.925582,2,Kuta Selatan,Jimbaran,Badung,Bali,Polygon ZM
58,91982,Jinengdalem,248.4937439,1,Buleleng,Jinengdalem,Buleleng,Bali,Polygon ZM
59,91983,Kertha Buana,227.2691278,1,Sidemen,Kertha Buana,Karangasem,Bali,Polygon ZM
60,91984,Kertha Mandala,518.5849215,1,Abang,Kertha Mandala,Karangasem,Bali,Polygon ZM
61,91985,Kesiman,298.9005124,2,Denpasar Timur,Kesiman,Kota Denpasar,Bali,Polygon ZM
62,91986,Bengkel,279.1842552,1,Kediri,Bengkel,Tabanan,Bali,Polygon ZM
63,91987,Bengkel,477.6033313,1,Busungbiu,Bengkel,Buleleng,Bali,Polygon ZM
64,91988,Bengkel Sari,667.2960853,1,Selemadeg Barat,Bengkel Sari,Tabanan,Bali,Polygon ZM
65,91989,Benoa,2603.665693,2,Kuta Selatan,Benoa,Badung,Bali,Polygon ZM
66,91990,Cempaga,461.2318286,2,Bangli,Cempaga,Bangli,Bali,Polygon ZM
67,91991,Cempaga,835.315291,1,Banjar,Cempaga,Buleleng,Bali,Polygon ZM
68,91992,Cepaka,212.4117064,1,Kediri,Cepaka,Tabanan,Bali,Polygon ZM
69,91993,Culik,315.1404779,1,Abang,Culik,Karangasem,Bali,Polygon ZM
70,91994,Cupel,246.7051856,1,Negara,Cupel,Jembrana,Bali,Polygon ZM
71,91995,Dajan Peken,220.9982948,1,Tabanan,Dajan Peken,Tabanan,Bali,Polygon ZM
72,91996,Joanyar,206.0042969,1,Seririt,Joanyar,Buleleng,Bali,Polygon ZM
73,91997,Julah,595.8664944,1,Tejakula,Julah,Buleleng,Bali,Polygon ZM
74,91998,Kesiman Kertalangu,558.0794106,1,Denpasar Timur,Kesiman Kertalangu,Kota Denpasar,Bali,Polygon ZM
75,91999,Kesiman Petilan,324.9161502,1,Denpasar Timur,Kesiman Petilan,Kota Denpasar,Bali,Polygon ZM
76,92000,Beraban,331.4126524,1,Selemadeg Timur,Beraban,Tabanan,Bali,Polygon ZM
77,92001,Beraban,776.4845333,1,Kediri,Beraban,Tabanan,Bali,Polygon ZM
78,92002,Berangbang,2246.737375,1,Negara,Berangbang,Jembrana,Bali,Polygon ZM
79,92003,Dalang,866.0347005,1,Selemadeg Timur,Dalang,Tabanan,Bali,Polygon ZM
80,92004,Dalung,664.7638835,1,Kuta Utara,Dalung,Badung,Bali,Polygon ZM
81,92005,Jumpai,162.4102946,1,Klungkung,Jumpai,Klungkung,Bali,Polygon ZM
82,92006,Jungutan,2430.15731,1,Bebandem,Jungutan,Karangasem,Bali,Polygon ZM
83,92007,Jungutbatu,594.949838,1,Nusa Penida,Jungutbatu,Klungkung,Bali,Polygon ZM
84,92008,Kesimpar,151.4479695,1,Abang,Kesimpar,Karangasem,Bali,Polygon ZM
85,92009,Kesiut,240.5307396,1,Kerambitan,Kesiut,Tabanan,Bali,Polygon ZM
86,92010,Beratan,28.39808192,2,Buleleng,Beratan,Buleleng,Bali,Polygon ZM
87,92011,Berembeng,418.3596562,1,Selemadeg,Berembeng,Tabanan,Bali,Polygon ZM
88,92012,Dangin Puri,50.74853393,2,Denpasar Timur,Dangin Puri,Kota Denpasar,Bali,Polygon ZM
89,92013,Dangin Puri Kaja,113.013642,1,Denpasar Utara,Dangin Puri Kaja,Kota Denpasar,Bali,Polygon ZM
90,92014,Dangin Puri Kangin,105.6246779,1,Denpasar Utara,Dangin Puri Kangin,Kota Denpasar,Bali,Polygon ZM
91,92015,Dangin Puri Kauh,41.55746505,1,Denpasar Utara,Dangin Puri Kauh,Kota Denpasar,Bali,Polygon ZM
92,92016,Dangin Puri Kelod,135.3831028,1,Denpasar Timur,Dangin Puri Kelod,Kota Denpasar,Bali,Polygon ZM
93,92017,Kaba-kaba,456.1935005,1,Kediri,Kaba-kaba,Tabanan,Bali,Polygon ZM
94,92018,Kaliakah,1697.615214,1,Negara,Kaliakah,Jembrana,Bali,Polygon ZM
95,92019,Kalianget,271.217913,1,Seririt,Kalianget,Buleleng,Bali,Polygon ZM
96,92020,Ketewel,640.5985501,1,Sukawati,Ketewel,Gianyar,Bali,Polygon ZM
97,92021,Kintamani,1458.222954,1,Kintamani,Kintamani,Bangli,Bali,Polygon ZM
98,92022,Klumpu,1255.345528,1,Nusa Penida,Klumpu,Klungkung,Bali,Polygon ZM
99,92023,Kubu,347.4583743,2,Bangli,Kubu,Bangli,Bali,Polygon ZM
100,92024,Kubu,669.23404,1,Kubu,Kubu,Karangasem,Bali,Polygon ZM
101,92025,Kubutambahan,1459.941811,1,Kubutambahan,Kubutambahan,Buleleng,Bali,Polygon ZM
102,92026,Beringkit Belayu,152.8752619,1,Marga,Beringkit Belayu,Tabanan,Bali,Polygon ZM
103,92027,Besakih,3099.413531,1,Rendang,Besakih,Karangasem,Bali,Polygon ZM
104,92028,Besan,516.3042342,1,Dawan,Besan,Klungkung,Bali,Polygon ZM
105,92029,Bestala,214.632315,1,Seririt,Bestala,Buleleng,Bali,Polygon ZM
106,92030,Dangintukadaya,563.7629728,1,Jembrana,Dangintukadaya,Jembrana,Bali,Polygon ZM
107,92031,Darmasaba,592.1512461,1,Abiansemal,Darmasaba,Badung,Bali,Polygon ZM
108,92032,Kaliasem,632.1838711,1,Banjar,Kaliasem,Buleleng,Bali,Polygon ZM
109,92033,Kalibukbuk,323.3406852,1,Buleleng,Kalibukbuk,Buleleng,Bali,Polygon ZM
110,92034,Kalisada,282.8364599,1,Seririt,Kalisada,Buleleng,Bali,Polygon ZM
111,92035,Kaliuntu,70.31375772,2,Buleleng,Kaliuntu,Buleleng,Bali,Polygon ZM
112,92036,Kamasan,84.71163631,1,Klungkung,Kamasan,Klungkung,Bali,Polygon ZM
113,92037,Kampung Anyar,21.88086126,2,Buleleng,Kampung Anyar,Buleleng,Bali,Polygon ZM
114,92038,Kukuh,226.8246706,1,Kerambitan,Kukuh,Tabanan,Bali,Polygon ZM
115,92039,Kukuh,369.1042017,1,Marga,Kukuh,Tabanan,Bali,Polygon ZM
116,92040,Kusamba,222.2606404,1,Dawan,Kusamba,Klungkung,Bali,Polygon ZM
117,92041,Biaung,554.5604308,1,Penebel,Biaung,Tabanan,Bali,Polygon ZM
118,92042,Bila,468.6042522,1,Kubutambahan,Bila,Buleleng,Bali,Polygon ZM
119,92043,Binyan,207.5695708,1,Kintamani,Binyan,Bangli,Bali,Polygon ZM
120,92044,Bitera,389.8090261,2,Gianyar,Bitera,Gianyar,Bali,Polygon ZM
121,92045,Datah,2826.354086,1,Abang,Datah,Karangasem,Bali,Polygon ZM
122,92046,Dauh Peken,328.7985633,1,Tabanan,Dauh Peken,Tabanan,Bali,Polygon ZM
123,92047,Dauh Puri,75.94008025,2,Denpasar Barat,Dauh Puri,Kota Denpasar,Bali,Polygon ZM
124,92048,Dauh Puri Kaja,114.915636,1,Denpasar Utara,Dauh Puri Kaja,Kota Denpasar,Bali,Polygon ZM
125,92049,Dauh Puri Kangin,36.59403867,1,Denpasar Barat,Dauh Puri Kangin,Kota Denpasar,Bali,Polygon ZM
126,92050,Kampung Baru,61.02261467,2,Buleleng,Kampung Baru,Buleleng,Bali,Polygon ZM
127,92051,Kampung Bugis,17.51128361,2,Buleleng,Kampung Bugis,Buleleng,Bali,Polygon ZM
128,92052,Kuta,777.7643202,2,Kuta,Kuta,Badung,Bali,Polygon ZM
129,92053,Kutampi,1193.407543,1,Nusa Penida,Kutampi,Klungkung,Bali,Polygon ZM
130,92054,Kutampi Kaler,732.8646048,1,Nusa Penida,Kutampi Kaler,Klungkung,Bali,Polygon ZM
131,92055,Kutuh,976.2224876,1,Kuta Selatan,Kutuh,Badung,Bali,Polygon ZM
132,92056,Blahbatuh,378.7391329,1,Blahbatuh,Blahbatuh,Gianyar,Bali,Polygon ZM
133,92057,Blahkiuh,405.7196226,1,Abiansemal,Blahkiuh,Badung,Bali,Polygon ZM
134,92058,Bona,231.6583281,1,Blahbatuh,Bona,Gianyar,Bali,Polygon ZM
135,92059,Bondalem,912.8346544,1,Tejakula,Bondalem,Buleleng,Bali,Polygon ZM
136,92060,Dauh Puri Kauh,151.0538708,1,Denpasar Barat,Dauh Puri Kauh,Kota Denpasar,Bali,Polygon ZM
137,92061,Dauh Puri Kelod,156.3458796,1,Denpasar Barat,Dauh Puri Kelod,Kota Denpasar,Bali,Polygon ZM
138,92062,Dauhwaru,1640.683895,2,Jembrana,Dauhwaru,Jembrana,Bali,Polygon ZM
139,92063,Daup,249.6189828,1,Kintamani,Daup,Bangli,Bali,Polygon ZM
140,92064,Dausa,553.4108035,1,Kintamani,Dausa,Bangli,Bali,Polygon ZM
141,92065,Kampung Gelgel,10.32124049,1,Klungkung,Kampung Gelgel,Klungkung,Bali,Polygon ZM
142,92066,Kampung Kajanan,19.19463403,2,Buleleng,Kampung Kajanan,Buleleng,Bali,Polygon ZM
143,92067,Kampung Kusamba,11.60892676,1,Dawan,Kampung Kusamba,Klungkung,Bali,Polygon ZM
144,92068,Kampung Singaraja,2.75997269,2,Buleleng,Kampung Singaraja,Buleleng,Bali,Polygon ZM
145,92069,Kutuh,557.3242919,1,Kintamani,Kutuh,Bangli,Bali,Polygon ZM
146,92070,Kuwum,283.190594,1,Marga,Kuwum,Tabanan,Bali,Polygon ZM
147,92071,Kuwum,351.5162823,1,Mengwi,Kuwum,Badung,Bali,Polygon ZM
148,92072,Laba Sari,423.8412966,1,Abang,Laba Sari,Karangasem,Bali,Polygon ZM
149,92073,Bongan,523.5705692,1,Tabanan,Bongan,Tabanan,Bali,Polygon ZM
150,92074,Bongkasa,416.5874114,1,Abiansemal,Bongkasa,Badung,Bali,Polygon ZM
151,92075,Dawan Kaler,251.4847174,1,Dawan,Dawan Kaler,Klungkung,Bali,Polygon ZM
152,92076,Dawan Klod,338.9934095,1,Dawan,Dawan Klod,Klungkung,Bali,Polygon ZM
153,92077,Delod Peken,218.903579,1,Tabanan,Delod Peken,Tabanan,Bali,Polygon ZM
154,92078,Delodberawah,340.3912221,1,Mendoyo,Delodberawah,Jembrana,Bali,Polygon ZM
155,92079,Demulih,443.4522447,1,Susut,Demulih,Bangli,Bali,Polygon ZM
156,92080,Kampung Toyapakeh,100.1909319,1,Nusa Penida,Kampung Toyapakeh,Klungkung,Bali,Polygon ZM
157,92081,Kapal,548.8753804,2,Mengwi,Kapal,Badung,Bali,Polygon ZM
158,92082,Karangasem,826.4419278,2,Karangasem,Karangasem,Karangasem,Bali,Polygon ZM
159,92083,Lokasari,344.7150726,1,Sidemen,Lokasari,Karangasem,Bali,Polygon ZM
160,92084,Bongkasa Pertiwi,249.4183103,1,Abiansemal,Bongkasa Pertiwi,Badung,Bali,Polygon ZM
161,92085,Bontihing,532.621487,1,Kubutambahan,Bontihing,Buleleng,Bali,Polygon ZM
162,92086,Bonyoh,358.3215585,1,Kintamani,Bonyoh,Bangli,Bali,Polygon ZM
163,92087,Bresela,200.8317729,1,Payangan,Bresela,Gianyar,Bali,Polygon ZM
164,92088,Denbantas,402.4423821,1,Tabanan,Denbantas,Tabanan,Bali,Polygon ZM
165,92089,Dencarik,397.8735234,1,Banjar,Dencarik,Buleleng,Bali,Polygon ZM
166,92090,Depeha,767.7565954,1,Kubutambahan,Depeha,Buleleng,Bali,Polygon ZM
167,92091,Duda,801.3298058,1,Selat,Duda,Karangasem,Bali,Polygon ZM
168,92092,Duda Timur,771.1100959,1,Selat,Duda Timur,Karangasem,Bali,Polygon ZM
169,92093,Karyasari,1053.523602,1,Pupuan,Karyasari,Tabanan,Bali,Polygon ZM
170,92094,Katung,349.1274711,1,Kintamani,Katung,Bangli,Bali,Polygon ZM
171,92095,Kawan,373.2560758,2,Bangli,Kawan,Bangli,Bali,Polygon ZM
172,92096,Kayuputih,923.097483,1,Sukasada,Kayuputih,Buleleng,Bali,Polygon ZM
173,92097,Kayubihi,985.4907949,1,Bangli,Kayubihi,Bangli,Bali,Polygon ZM
174,92098,Kayuputih,446.7948673,1,Banjar,Kayuputih,Buleleng,Bali,Polygon ZM
175,92099,Kebon Padangan,1670.75631,1,Pupuan,Kebon Padangan,Tabanan,Bali,Polygon ZM
176,92100,Lalanglinggah,1997.231642,1,Selemadeg Barat,Lalanglinggah,Tabanan,Bali,Polygon ZM
177,92101,Landih,1283.278806,1,Bangli,Landih,Bangli,Bali,Polygon ZM
178,92102,Langgahan,315.6393939,1,Kintamani,Langgahan,Bangli,Bali,Polygon ZM
179,92103,Buahan,226.5750758,1,Tabanan,Buahan,Tabanan,Bali,Polygon ZM
180,92104,Buahan,684.817976,1,Payangan,Buahan,Gianyar,Bali,Polygon ZM
181,92105,Buahan,479.1117035,1,Kintamani,Buahan,Bangli,Bali,Polygon ZM
182,92106,Buahan Kaja,1351.233389,1,Payangan,Buahan Kaja,Gianyar,Bali,Polygon ZM
183,92107,Bhuana Giri,3038.576551,1,Bebandem,Bhuana Giri,Karangasem,Bali,Polygon ZM
184,92108,Bubunan,153.3210867,1,Seririt,Bubunan,Buleleng,Bali,Polygon ZM
185,92109,Duda Utara,707.2546887,1,Selat,Duda Utara,Karangasem,Bali,Polygon ZM
186,92110,Dukuh,3796.847767,1,Kubu,Dukuh,Karangasem,Bali,Polygon ZM
187,92111,Ekasari,3518.185499,1,Melaya,Ekasari,Jembrana,Bali,Polygon ZM
188,92112,Gadungan,904.8833378,1,Selemadeg Timur,Gadungan,Tabanan,Bali,Polygon ZM
189,92113,Kedewatan,553.4357649,1,Ubud,Kedewatan,Gianyar,Bali,Polygon ZM
190,92114,Kediri,398.6173453,1,Kediri,Kediri,Tabanan,Bali,Polygon ZM
191,92115,Kedis,797.5016938,1,Busungbiu,Kedis,Buleleng,Bali,Polygon ZM
192,92116,Lebih,266.0017156,1,Gianyar,Lebih,Gianyar,Bali,Polygon ZM
193,92117,Legian,304.3451405,2,Kuta,Legian,Badung,Bali,Polygon ZM
194,92118,Lelateng,706.241394,2,Negara,Lelateng,Jembrana,Bali,Polygon ZM
195,92119,Budakeling,279.7356481,1,Bebandem,Budakeling,Karangasem,Bali,Polygon ZM
196,92120,Budeng,370.2557523,1,Jembrana,Budeng,Jembrana,Bali,Polygon ZM
197,92121,Gadungsari,319.459984,1,Selemadeg Timur,Gadungsari,Tabanan,Bali,Polygon ZM
198,92122,Galungan,2007.883914,1,Sawan,Galungan,Buleleng,Bali,Polygon ZM
199,92123,Gegelang,1397.558953,1,Manggis,Gegelang,Karangasem,Bali,Polygon ZM
200,92124,Gelgel,396.4063704,1,Klungkung,Gelgel,Klungkung,Bali,Polygon ZM
201,92125,Geluntung,231.5204586,1,Marga,Geluntung,Tabanan,Bali,Polygon ZM
202,92126,Kedisan,685.0635225,1,Tegallalang,Kedisan,Gianyar,Bali,Polygon ZM
203,92127,Kedisan,417.5264996,1,Kintamani,Kedisan,Bangli,Bali,Polygon ZM
204,92128,Kedonganan,226.5813726,2,Kuta,Kedonganan,Badung,Bali,Polygon ZM
205,92129,Kekeran,427.2999229,1,Mengwi,Kekeran,Badung,Bali,Polygon ZM
206,92130,Kekeran,245.1721741,1,Busungbiu,Kekeran,Buleleng,Bali,Polygon ZM
207,92131,Lembean,393.7455891,1,Kintamani,Lembean,Bangli,Bali,Polygon ZM
208,92132,Lembongan,636.737416,1,Nusa Penida,Lembongan,Klungkung,Bali,Polygon ZM
209,92133,Lemukih,1764.552021,1,Sawan,Lemukih,Buleleng,Bali,Polygon ZM
210,92134,Les,735.7970568,1,Tejakula,Les,Buleleng,Bali,Polygon ZM
211,92135,Liligundi,40.15061136,2,Buleleng,Liligundi,Buleleng,Bali,Polygon ZM
212,92136,Buduk,335.8585065,1,Mengwi,Buduk,Badung,Bali,Polygon ZM
213,92137,Bugbug,1288.441577,1,Karangasem,Bugbug,Karangasem,Bali,Polygon ZM
214,92138,Bukian,814.0602112,1,Payangan,Bukian,Gianyar,Bali,Polygon ZM
215,92139,Bukit,982.0834673,1,Karangasem,Bukit,Karangasem,Bali,Polygon ZM
216,92140,Bukti,702.179654,1,Kubutambahan,Bukti,Buleleng,Bali,Polygon ZM
217,92141,Bulian,942.8546889,1,Kubutambahan,Bulian,Buleleng,Bali,Polygon ZM
218,92142,Gerokgak,2119.825157,1,Gerokgak,Gerokgak,Buleleng,Bali,Polygon ZM
219,92143,Gesing,1393.435569,1,Banjar,Gesing,Buleleng,Bali,Polygon ZM
220,92144,Getakan,339.1578977,1,Banjarangkan,Getakan,Klungkung,Bali,Polygon ZM
221,92145,Getasan,306.4660455,1,Petang,Getasan,Badung,Bali,Polygon ZM
222,92146,Gianyar,215.5463342,2,Gianyar,Gianyar,Gianyar,Bali,Polygon ZM
223,92147,Giri Emas,237.3905668,1,Sawan,Giri Emas,Buleleng,Bali,Polygon ZM
224,92148,Gitgit,339.2676481,1,Sukasada,Gitgit,Buleleng,Bali,Polygon ZM
225,92149,Gobleg,1844.292729,1,Banjar,Gobleg,Buleleng,Bali,Polygon ZM
226,92150,Kelating,328.2616222,1,Kerambitan,Kelating,Tabanan,Bali,Polygon ZM
227,92151,Keliki,444.6627296,1,Tegallalang,Keliki,Gianyar,Bali,Polygon ZM
228,92152,Kelusa,613.2361226,1,Payangan,Kelusa,Gianyar,Bali,Polygon ZM
229,92153,Lodtunduh,634.43713,1,Ubud,Lodtunduh,Gianyar,Bali,Polygon ZM
230,92154,Lokapaksa,1350.018672,1,Seririt,Lokapaksa,Buleleng,Bali,Polygon ZM
231,92155,Loloan Barat,32.13102947,2,Negara,Loloan Barat,Jembrana,Bali,Polygon ZM
232,92156,Loloan Timur,272.6916112,2,Jembrana,Loloan Timur,Jembrana,Bali,Polygon ZM
233,92169,Antapan,1026.55672,1,Baturiti,Antapan,Tabanan,Bali,Polygon ZM
234,92170,Antiga,719.8813471,1,Manggis,Antiga,Karangasem,Bali,Polygon ZM
235,92171,Antiga Kelod,504.1016704,1,Manggis,Antiga Kelod,Karangasem,Bali,Polygon ZM
236,92172,Belanga,318.9497637,1,Kintamani,Belanga,Bangli,Bali,Polygon ZM
237,92173,Belantih,503.4371203,1,Kintamani,Belantih,Bangli,Bali,Polygon ZM
238,92174,Belatungan,1768.473935,1,Pupuan,Belatungan,Tabanan,Bali,Polygon ZM
239,92175,Belega,251.2245928,1,Blahbatuh,Belega,Gianyar,Bali,Polygon ZM
240,92176,Belimbing,1524.592814,1,Pupuan,Belimbing,Tabanan,Bali,Polygon ZM
241,92177,Belimbingsari,2714.830055,1,Melaya,Belimbingsari,Jembrana,Bali,Polygon ZM
242,92178,Belok/Sidan,2673.061049,1,Petang,Belok/Sidan,Badung,Bali,Polygon ZM
243,92188,Antosari,639.4646355,1,Selemadeg Barat,Antosari,Tabanan,Bali,Polygon ZM
244,92189,Anturan,283.5572838,1,Buleleng,Anturan,Buleleng,Bali,Polygon ZM
245,92190,Apuan,518.6281469,1,Baturiti,Apuan,Tabanan,Bali,Polygon ZM
246,92191,Belumbang,243.302035,1,Kerambitan,Belumbang,Tabanan,Bali,Polygon ZM
247,92192,Beng,196.8039063,2,Gianyar,Beng,Gianyar,Bali,Polygon ZM
248,92193,Bengkala,454.4264229,1,Kubutambahan,Bengkala,Buleleng,Bali,Polygon ZM
249,92201,Apuan,414.5278833,1,Susut,Apuan,Bangli,Bali,Polygon ZM
250,92202,Asahduren,1170.195573,1,Pekutatan,Asahduren,Jembrana,Bali,Polygon ZM
251,92203,Astina,22.35570361,2,Buleleng,Astina,Buleleng,Bali,Polygon ZM
252,92204,Awan,704.1336857,1,Kintamani,Awan,Bangli,Bali,Polygon ZM
253,92213,Ayunan,211.466253,1,Abiansemal,Ayunan,Badung,Bali,Polygon ZM
254,92214,Babahan,493.0019072,1,Penebel,Babahan,Tabanan,Bali,Polygon ZM
255,92215,Baha,547.2279813,1,Mengwi,Baha,Badung,Bali,Polygon ZM
256,92221,Bajera,192.9444265,1,Selemadeg,Bajera,Tabanan,Bali,Polygon ZM
257,92222,Bajera Utara,391.5353179,1,Selemadeg,Bajera Utara,Tabanan,Bali,Polygon ZM
258,92223,Bakas,225.5552257,1,Banjarangkan,Bakas,Klungkung,Bali,Polygon ZM
259,92235,Bakbakan,428.3976631,1,Gianyar,Bakbakan,Gianyar,Bali,Polygon ZM
260,92236,Baktiseraga,234.8302328,1,Buleleng,Baktiseraga,Buleleng,Bali,Polygon ZM
261,92237,Baler Bale Agung,1702.658285,2,Negara,Baler Bale Agung,Jembrana,Bali,Polygon ZM
262,92238,Baluk,873.4332877,1,Negara,Baluk,Jembrana,Bali,Polygon ZM
263,92239,Ban,7780.409936,1,Kubu,Ban,Karangasem,Bali,Polygon ZM
264,92250,Bangbang,358.8230939,1,Tembuku,Bangbang,Bangli,Bali,Polygon ZM
265,92251,Bangli,1516.668808,1,Baturiti,Bangli,Tabanan,Bali,Polygon ZM
266,92252,Banjar,1104.647675,1,Banjar,Banjar,Buleleng,Bali,Polygon ZM
267,92253,Banjar Anyar,703.625845,1,Kediri,Banjar Anyar,Tabanan,Bali,Polygon ZM
268,92273,Banjar Bali,18.39680523,2,Buleleng,Banjar Bali,Buleleng,Bali,Polygon ZM
269,92274,Banjar Jawa,55.39710997,2,Buleleng,Banjar Jawa,Buleleng,Bali,Polygon ZM
270,92291,Banjar Tegal,76.25128179,2,Buleleng,Banjar Tegal,Buleleng,Bali,Polygon ZM
271,92292,Banjar Tegeha,70.30803519,1,Banjar,Banjar Tegeha,Buleleng,Bali,Polygon ZM
272,92293,Banjar Tengah,89.88200349,2,Negara,Banjar Tengah,Jembrana,Bali,Polygon ZM
273,92294,Banjarangkan,221.3787487,1,Banjarangkan,Banjarangkan,Klungkung,Bali,Polygon ZM
274,92295,Banjarasem,442.6763966,1,Seririt,Banjarasem,Buleleng,Bali,Polygon ZM
275,92296,Bantang,664.3976962,1,Kintamani,Bantang,Bangli,Bali,Polygon ZM
276,92304,Bantas,314.84256,1,Selemadeg Timur,Bantas,Tabanan,Bali,Polygon ZM
277,92305,Banua,97.29136126,1,Kintamani,Banua,Bangli,Bali,Polygon ZM
278,92306,Banyubiru,852.3963999,1,Negara,Banyubiru,Jembrana,Bali,Polygon ZM
279,92307,Banyuasri,191.0010703,2,Buleleng,Banyuasri,Buleleng,Bali,Polygon ZM
280,92308,Banyuatis,279.2247469,1,Banjar,Banyuatis,Buleleng,Bali,Polygon ZM
281,92309,Banyuning,520.5279863,2,Buleleng,Banyuning,Buleleng,Bali,Polygon ZM
282,92310,Banyupoh,3805.801579,1,Gerokgak,Banyupoh,Buleleng,Bali,Polygon ZM
283,92311,Banyuseri,266.6533929,1,Banjar,Banyuseri,Buleleng,Bali,Polygon ZM
284,92326,Baru,334.248522,1,Marga,Baru,Tabanan,Bali,Polygon ZM
285,92327,Batannyuh,236.5372089,1,Marga,Batannyuh,Tabanan,Bali,Polygon ZM
286,92328,Batu Agung,2856.343261,1,Jembrana,Batu Agung,Jembrana,Bali,Polygon ZM
287,92329,Batuaji,455.8895332,1,Kerambitan,Batuaji,Tabanan,Bali,Polygon ZM
288,92339,Aan,406.9607515,1,Banjarangkan,Aan,Klungkung,Bali,Polygon ZM
289,92340,Ababi,962.9122531,1,Abang,Ababi,Karangasem,Bali,Polygon ZM
290,92341,Abang,399.9239312,1,Abang,Abang,Karangasem,Bali,Polygon ZM
291,92342,Abangsongan,1482.233926,1,Kintamani,Abangsongan,Bangli,Bali,Polygon ZM
292,92343,Batuan,391.1791717,1,Sukawati,Batuan,Gianyar,Bali,Polygon ZM
293,92344,Batuan Kaler,279.9805341,1,Sukawati,Batuan Kaler,Gianyar,Bali,Polygon ZM
294,92365,Abian Tuwung,503.9450078,1,Kediri,Abian Tuwung,Tabanan,Bali,Polygon ZM
295,92366,Abianbase,411.1897503,2,Mengwi,Abianbase,Badung,Bali,Polygon ZM
296,92367,Abianbase,243.0278765,2,Gianyar,Abianbase,Gianyar,Bali,Polygon ZM
297,92368,Batubulan,790.9632682,1,Sukawati,Batubulan,Gianyar,Bali,Polygon ZM
298,92369,Batubulan Kangin,430.1226733,1,Sukawati,Batubulan Kangin,Gianyar,Bali,Polygon ZM
299,92370,Abang Batudinding,628.8483439,1,Kintamani,Abang Batudinding,Bangli,Bali,Polygon ZM
300,92371,Batukaang,327.682717,1,Kintamani,Batukaang,Bangli,Bali,Polygon ZM
301,92372,Batukandik,2591.604937,1,Nusa Penida,Batukandik,Klungkung,Bali,Polygon ZM
302,92373,Batumadeg,1258.418291,1,Nusa Penida,Batumadeg,Klungkung,Bali,Polygon ZM
303,92396,Abiansemal,494.5724401,1,Abiansemal,Abiansemal,Badung,Bali,Polygon ZM
304,92397,Abiansemal Dauh Yeh Cani,275.8732629,1,Abiansemal,Abiansemal Dauh Yeh Cani,Badung,Bali,Polygon ZM
305,92398,Abuan,432.2691616,1,Susut,Abuan,Bangli,Bali,Polygon ZM
306,92399,Abuan,406.6802266,1,Kintamani,Abuan,Bangli,Bali,Polygon ZM
307,92400,Air Kuning,147.0366173,1,Jembrana,Air Kuning,Jembrana,Bali,Polygon ZM
308,92401,Batungsel,1396.013838,1,Pupuan,Batungsel,Tabanan,Bali,Polygon ZM
309,92402,Batununggul,772.2102576,1,Nusa Penida,Batununggul,Klungkung,Bali,Polygon ZM
310,92403,Batunya,1005.913773,1,Baturiti,Batunya,Tabanan,Bali,Polygon ZM
311,92404,Batur Selatan,2027.886273,1,Kintamani,Batur Selatan,Bangli,Bali,Polygon ZM
312,92405,Batur Tengah,1691.627183,1,Kintamani,Batur Tengah,Bangli,Bali,Polygon ZM
313,92406,Batur Utara,421.658166,1,Kintamani,Batur Utara,Bangli,Bali,Polygon ZM
314,92407,Baturinggit,1543.532,1,Kubu,Baturinggit,Karangasem,Bali,Polygon ZM
315,92429,Akah,254.9483927,1,Klungkung,Akah,Klungkung,Bali,Polygon ZM
316,92430,Alasangker,506.4811754,1,Buleleng,Alasangker,Buleleng,Bali,Polygon ZM
317,92431,Ambengan,969.4297908,1,Sukasada,Ambengan,Buleleng,Bali,Polygon ZM
318,92432,Amerta Bhuana,587.0776508,1,Selat,Amerta Bhuana,Karangasem,Bali,Polygon ZM
319,92433,Angantaka,225.0359451,1,Abiansemal,Angantaka,Badung,Bali,Polygon ZM
320,92434,Angkah,1014.707639,1,Selemadeg Barat,Angkah,Tabanan,Bali,Polygon ZM
321,92435,Baturiti,393.5717912,1,Kerambitan,Baturiti,Tabanan,Bali,Polygon ZM
322,92436,Baturiti,983.9346269,1,Baturiti,Baturiti,Tabanan,Bali,Polygon ZM
323,92437,Bayung Cerik,310.8253802,1,Kintamani,Bayung Cerik,Bangli,Bali,Polygon ZM
324,92438,Bayung Gede,988.6061285,1,Kintamani,Bayung Gede,Bangli,Bali,Polygon ZM
325,92457,Angseri,995.0436193,1,Baturiti,Angseri,Tabanan,Bali,Polygon ZM
326,92458,Antap,962.9751661,1,Selemadeg,Antap,Tabanan,Bali,Polygon ZM
327,92459,Bebalang,408.2806668,2,Bangli,Bebalang,Bangli,Bali,Polygon ZM
328,92460,Bebandem,928.5927401,1,Bebandem,Bebandem,Karangasem,Bali,Polygon ZM
329,92461,Bebetin,654.0744266,1,Sawan,Bebetin,Buleleng,Bali,Polygon ZM
330,92462,Bedulu,402.4233651,1,Blahbatuh,Bedulu,Gianyar,Bali,Polygon ZM
331,92463,Belalang,373.8868027,1,Kediri,Belalang,Tabanan,Bali,Polygon ZM
332,92464,Belancan,1068.448643,1,Kintamani,Belancan,Bangli,Bali,Polygon ZM
333,92465,Belandingan,525.8048457,1,Kintamani,Belandingan,Bangli,Bali,Polygon ZM
334,92491,Tista,87.40503262,1,Kerambitan,Tista,Tabanan,Bali,Polygon ZM
335,92492,Tista,728.8921924,1,Abang,Tista,Karangasem,Bali,Polygon ZM
336,92493,Dapdap Putih,1218.72206,1,Busungbiu,Dapdap Putih,Buleleng,Bali,Polygon ZM
337,92494,Titab,250.4575894,1,Busungbiu,Titab,Buleleng,Bali,Polygon ZM
338,92495,Tiyingtali,460.1863988,1,Abang,Tiyingtali,Karangasem,Bali,Polygon ZM
339,92496,Tohpati,105.7609823,1,Banjarangkan,Tohpati,Klungkung,Bali,Polygon ZM
340,92497,Tojan,144.3763652,1,Klungkung,Tojan,Klungkung,Bali,Polygon ZM
341,92509,Tonja,224.1434866,2,Denpasar Utara,Tonja,Kota Denpasar,Bali,Polygon ZM
342,92510,Tri Eka Buana,432.5796773,1,Sidemen,Tri Eka Buana,Karangasem,Bali,Polygon ZM
343,92511,Tri Buana,656.418425,1,Abang,Tri Buana,Karangasem,Bali,Polygon ZM
344,92512,Tua,374.5749995,1,Marga,Tua,Tabanan,Bali,Polygon ZM
345,92513,Tuban,563.8673479,2,Kuta,Tuban,Badung,Bali,Polygon ZM
346,92522,Tukadaya,6189.243116,1,Melaya,Tukadaya,Jembrana,Bali,Polygon ZM
347,92523,Tukadmungga,220.2838499,1,Buleleng,Tukadmungga,Buleleng,Bali,Polygon ZM
348,92524,Tukadsumaga,3333.870098,1,Gerokgak,Tukadsumaga,Buleleng,Bali,Polygon ZM
349,92525,Tulamben,2877.716391,1,Kubu,Tulamben,Karangasem,Bali,Polygon ZM
350,92526,Tulikup,572.1765528,1,Gianyar,Tulikup,Gianyar,Bali,Polygon ZM
351,92527,Tumbakbayuh,273.9500256,1,Mengwi,Tumbakbayuh,Badung,Bali,Polygon ZM
352,92528,Tumbu,390.1791481,1,Karangasem,Tumbu,Karangasem,Bali,Polygon ZM
353,92536,Tunjuk,463.0380348,1,Tabanan,Tunjuk,Tabanan,Bali,Polygon ZM
354,92537,Tunjung,686.0587361,1,Kubutambahan,Tunjung,Buleleng,Bali,Polygon ZM
355,92538,Tusan,313.9735713,1,Banjarangkan,Tusan,Klungkung,Bali,Polygon ZM
356,92539,Tuwed,833.7257854,1,Melaya,Tuwed,Jembrana,Bali,Polygon ZM
357,92540,Ubud,662.5581713,2,Ubud,Ubud,Gianyar,Bali,Polygon ZM
358,92547,Tajen,410.60264,1,Penebel,Tajen,Tabanan,Bali,Polygon ZM
359,92548,Tajun,1076.885489,1,Kubutambahan,Tajun,Buleleng,Bali,Polygon ZM
360,92549,Takmung,466.0158345,1,Banjarangkan,Takmung,Klungkung,Bali,Polygon ZM
361,92550,Talibeng,478.0452773,1,Sidemen,Talibeng,Karangasem,Bali,Polygon ZM
362,92551,Taman,739.844596,1,Abiansemal,Taman,Badung,Bali,Polygon ZM
363,92552,Tamanbali,485.8288513,1,Bangli,Tamanbali,Bangli,Bali,Polygon ZM
364,92553,Tambakan,1891.063789,1,Kubutambahan,Tambakan,Buleleng,Bali,Polygon ZM
365,92554,Ubung,184.0525178,2,Denpasar Utara,Ubung,Kota Denpasar,Bali,Polygon ZM
366,92555,Ubung Kaja,400.3555753,1,Denpasar Utara,Ubung Kaja,Kota Denpasar,Bali,Polygon ZM
367,92556,Ulakan,1019.332785,1,Manggis,Ulakan,Karangasem,Bali,Polygon ZM
368,92557,Ularan,522.4266197,1,Seririt,Ularan,Buleleng,Bali,Polygon ZM
369,92558,Ulian,418.8161503,1,Kintamani,Ulian,Bangli,Bali,Polygon ZM
370,92564,Tamblang,618.6642756,1,Kubutambahan,Tamblang,Buleleng,Bali,Polygon ZM
371,92565,Tampaksiring,866.03333,1,Tampaksiring,Tampaksiring,Gianyar,Bali,Polygon ZM
372,92566,Tampekan,57.7749386,1,Banjar,Tampekan,Buleleng,Bali,Polygon ZM
373,92567,Umeanyar,215.1134786,1,Seririt,Umeanyar,Buleleng,Bali,Polygon ZM
374,92568,Umejero,1160.649439,1,Busungbiu,Umejero,Buleleng,Bali,Polygon ZM
375,92569,Undisan,297.5426913,1,Tembuku,Undisan,Bangli,Bali,Polygon ZM
376,92570,Ungasan,1552.114122,1,Kuta Selatan,Ungasan,Badung,Bali,Polygon ZM
377,92571,Unggahan,1424.769271,1,Seririt,Unggahan,Buleleng,Bali,Polygon ZM
378,92572,Wanagiri,1474.196701,1,Selemadeg,Wanagiri,Tabanan,Bali,Polygon ZM
379,92573,Wanagiri,1675.836022,1,Sukasada,Wanagiri,Buleleng,Bali,Polygon ZM
380,92574,Wanagiri Kauh,1011.371342,1,Selemadeg,Wanagiri Kauh,Tabanan,Bali,Polygon ZM
381,92583,Tangguntiti,493.8302859,1,Selemadeg Timur,Tangguntiti,Tabanan,Bali,Polygon ZM
382,92584,Tangguwisia,213.4967826,1,Seririt,Tangguwisia,Buleleng,Bali,Polygon ZM
383,92585,Tangkas,247.6709228,1,Klungkung,Tangkas,Klungkung,Bali,Polygon ZM
384,92586,Tanglad,1742.79241,1,Nusa Penida,Tanglad,Klungkung,Bali,Polygon ZM
385,92587,Tanjung Benoa,134.7909905,2,Kuta Selatan,Tanjung Benoa,Badung,Bali,Polygon ZM
386,92588,Taro,2056.675833,1,Tegallalang,Taro,Gianyar,Bali,Polygon ZM
387,92589,Tegak,198.2389492,1,Klungkung,Tegak,Klungkung,Bali,Polygon ZM
388,92590,Tegal Badeng Barat,320.7745445,1,Negara,Tegal Badeng Barat,Jembrana,Bali,Polygon ZM
389,92591,Wanasari,459.1348691,1,Tabanan,Wanasari,Tabanan,Bali,Polygon ZM
390,92592,Warnasari,532.3676243,1,Melaya,Warnasari,Jembrana,Bali,Polygon ZM
391,92598,Tegal Badeng Timur,312.4258215,1,Negara,Tegal Badeng Timur,Jembrana,Bali,Polygon ZM
392,92599,Tegal Harum,82.61248039,1,Denpasar Barat,Tegal Harum,Kota Denpasar,Bali,Polygon ZM
393,92600,Tegal Kertha,95.93366057,1,Denpasar Barat,Tegal Kertha,Kota Denpasar,Bali,Polygon ZM
394,92601,Werdi Bhuwana,339.4233098,1,Mengwi,Werdi Bhuwana,Badung,Bali,Polygon ZM
395,92602,Wisma Kerta,375.7284237,1,Sidemen,Wisma Kerta,Karangasem,Bali,Polygon ZM
396,92603,Wongaya Gede,1699.062826,1,Penebel,Wongaya Gede,Tabanan,Bali,Polygon ZM
397,92604,Yangapi,1514.842839,1,Tembuku,Yangapi,Bangli,Bali,Polygon ZM
398,92611,Tegal Mengkeb,635.8700293,1,Selemadeg Timur,Tegal Mengkeb,Tabanan,Bali,Polygon ZM
399,92612,Tegal Tugu,197.9381799,1,Gianyar,Tegal Tugu,Gianyar,Bali,Polygon ZM
400,92613,Tegalcangkring,1991.282676,2,Mendoyo,Tegalcangkring,Jembrana,Bali,Polygon ZM
401,92614,Yeh Sumbul,1577.019028,1,Mendoyo,Yeh Sumbul,Jembrana,Bali,Polygon ZM
402,92615,Yehembang,3731.622033,1,Mendoyo,Yehembang,Jembrana,Bali,Polygon ZM
403,92616,Yehembang Kangin,4019.418349,1,Mendoyo,Yehembang Kangin,Jembrana,Bali,Polygon ZM
404,92617,Yehembang Kauh,7770.727586,1,Mendoyo,Yehembang Kauh,Jembrana,Bali,Polygon ZM
405,92618,Yehkuning,241.2376748,1,Jembrana,Yehkuning,Jembrana,Bali,Polygon ZM
406,92619,Gilimanuk,2086.084105,2,Melaya,Gilimanuk,Jembrana,Bali,Polygon ZM
407,92620,Sumberkima,1969.940499,1,Gerokgak,Sumberkima,Buleleng,Bali,Polygon ZM
408,92621,Bongancina,529.34258,1,Busungbiu,Bongancina,Buleleng,Bali,Polygon ZM
409,92622,Bantiran,1176.495103,1,Pupuan,Bantiran,Tabanan,Bali,Polygon ZM
410,92631,Tegalinggah,251.9508514,1,Karangasem,Tegalinggah,Karangasem,Bali,Polygon ZM
411,92632,Tegaljadi,260.5338578,1,Marga,Tegaljadi,Tabanan,Bali,Polygon ZM
412,92633,Tegallalang,726.3364245,1,Tegallalang,Tegallalang,Gianyar,Bali,Polygon ZM
413,92643,Tegallinggah,287.7371581,1,Penebel,Tegallinggah,Tabanan,Bali,Polygon ZM
414,92644,Tegallinggah,938.1516436,1,Sukasada,Tegallinggah,Buleleng,Bali,Polygon ZM
415,92645,Tejakula,1386.218649,1,Tejakula,Tejakula,Buleleng,Bali,Polygon ZM
416,92655,Telaga,389.2887023,1,Busungbiu,Telaga,Buleleng,Bali,Polygon ZM
417,92656,Telagatawang,347.6909074,1,Sidemen,Telagatawang,Karangasem,Bali,Polygon ZM
418,92657,Tembok,971.9720133,1,Tejakula,Tembok,Buleleng,Bali,Polygon ZM
419,92658,Tembuku,607.1091505,1,Tembuku,Tembuku,Bangli,Bali,Polygon ZM
420,92665,Temesi,351.4521147,1,Gianyar,Temesi,Gianyar,Bali,Polygon ZM
421,92666,Temukus,432.332627,1,Banjar,Temukus,Buleleng,Bali,Polygon ZM
422,92667,Tenganan,1190.59034,1,Manggis,Tenganan,Karangasem,Bali,Polygon ZM
423,92668,Tengkudak,526.027869,1,Penebel,Tengkudak,Tabanan,Bali,Polygon ZM
424,92669,Terunyan,1397.774427,1,Kintamani,Terunyan,Bangli,Bali,Polygon ZM
425,92670,Tianyar Barat,1545.834426,1,Kubu,Tianyar Barat,Karangasem,Bali,Polygon ZM
426,92683,Tianyar Tengah,1296.560836,1,Kubu,Tianyar Tengah,Karangasem,Bali,Polygon ZM
427,92684,Tibubeneng,684.6113927,1,Kuta Utara,Tibubeneng,Badung,Bali,Polygon ZM
428,92685,Tibubiu,330.7651079,1,Kerambitan,Tibubiu,Tabanan,Bali,Polygon ZM
429,92686,Tiga,1188.802847,1,Susut,Tiga,Bangli,Bali,Polygon ZM
430,92696,Tigawasa,1517.265872,1,Banjar,Tigawasa,Buleleng,Bali,Polygon ZM
431,92697,Tihingan,281.9381683,1,Banjarangkan,Tihingan,Klungkung,Bali,Polygon ZM
432,92698,Tiying Gading,475.3222992,1,Selemadeg Barat,Tiying Gading,Tabanan,Bali,Polygon ZM
433,92699,Timpag,627.9637339,1,Kerambitan,Timpag,Tabanan,Bali,Polygon ZM
434,92700,Timuhun,263.0657556,1,Banjarangkan,Timuhun,Klungkung,Bali,Polygon ZM
435,92701,Tinga-tinga,3041.828706,1,Gerokgak,Tinga-tinga,Buleleng,Bali,Polygon ZM
436,92702,Tinggarsari,727.7584513,1,Busungbiu,Tinggarsari,Buleleng,Bali,Polygon ZM
437,92703,Tirtasari,128.709049,1,Banjar,Tirtasari,Buleleng,Bali,Polygon ZM
438,92714,Pering,650.6895406,1,Blahbatuh,Pering,Gianyar,Bali,Polygon ZM
439,92715,Peringsari,708.8829488,1,Selat,Peringsari,Karangasem,Bali,Polygon ZM
440,92716,Pertima,582.9785104,1,Karangasem,Pertima,Karangasem,Bali,Polygon ZM
441,92717,Pesagi,693.9489824,1,Penebel,Pesagi,Tabanan,Bali,Polygon ZM
442,92718,Pesinggahan,482.9779953,1,Dawan,Pesinggahan,Klungkung,Bali,Polygon ZM
443,92719,Petak,329.4814672,1,Gianyar,Petak,Gianyar,Bali,Polygon ZM
444,92720,Selat,483.9544795,1,Klungkung,Selat,Klungkung,Bali,Polygon ZM
445,92721,Selat,263.7887813,1,Susut,Selat,Bangli,Bali,Polygon ZM
446,92722,Selat,308.1022076,1,Selat,Selat,Karangasem,Bali,Polygon ZM
447,92723,Selat,2042.862737,1,Sukasada,Selat,Buleleng,Bali,Polygon ZM
448,92724,Selemadeg,595.3336079,1,Selemadeg,Selemadeg,Tabanan,Bali,Polygon ZM
449,92725,Selisihan,166.8499161,1,Klungkung,Selisihan,Klungkung,Bali,Polygon ZM
450,92726,Selulung,1058.690396,1,Kintamani,Selulung,Bangli,Bali,Polygon ZM
451,92727,Selumbung,717.9694454,1,Manggis,Selumbung,Karangasem,Bali,Polygon ZM
452,92728,Sulanyah,141.58355,1,Seririt,Sulanyah,Buleleng,Bali,Polygon ZM
453,92729,Sumberklampok,11218.06747,1,Gerokgak,Sumberklampok,Buleleng,Bali,Polygon ZM
454,92730,Sumerta,80.61988405,2,Denpasar Timur,Sumerta,Kota Denpasar,Bali,Polygon ZM
455,92731,Sumerta Kaja,88.11334399,1,Denpasar Timur,Sumerta Kaja,Kota Denpasar,Bali,Polygon ZM
456,92732,Pandak Gede,319.0848514,1,Kediri,Pandak Gede,Tabanan,Bali,Polygon ZM
457,92733,Pangkung Karung,291.9135009,1,Kerambitan,Pangkung Karung,Tabanan,Bali,Polygon ZM
458,92734,Pangkung Tibah,254.2718384,1,Kediri,Pangkung Tibah,Tabanan,Bali,Polygon ZM
459,92735,Petak Kaja,265.2007806,1,Gianyar,Petak Kaja,Gianyar,Bali,Polygon ZM
460,92736,Petandakan,170.070037,1,Buleleng,Petandakan,Buleleng,Bali,Polygon ZM
461,92737,Petang,784.8337802,1,Petang,Petang,Badung,Bali,Polygon ZM
462,92738,Petiga,337.0028726,1,Marga,Petiga,Tabanan,Bali,Polygon ZM
463,92739,Semarapura Kaja,73.91676661,2,Klungkung,Semarapura Kaja,Klungkung,Bali,Polygon ZM
464,92740,Semarapura Kangin,66.99031675,2,Klungkung,Semarapura Kangin,Klungkung,Bali,Polygon ZM
465,92741,Sumerta Kauh,43.97273406,1,Denpasar Timur,Sumerta Kauh,Kota Denpasar,Bali,Polygon ZM
466,92742,Sumerta Kelod,351.605976,1,Denpasar Timur,Sumerta Kelod,Kota Denpasar,Bali,Polygon ZM
467,92743,Sumita,235.7545127,1,Gianyar,Sumita,Gianyar,Bali,Polygon ZM
468,92744,Susut,515.6728264,1,Susut,Susut,Bangli,Bali,Polygon ZM
469,92745,Suter,515.2278736,1,Kintamani,Suter,Bangli,Bali,Polygon ZM
470,92746,Suwat,129.1039602,1,Gianyar,Suwat,Gianyar,Bali,Polygon ZM
471,92747,Suwug,456.3015845,1,Sawan,Suwug,Buleleng,Bali,Polygon ZM
472,92748,Pangkungparuk,4926.081444,1,Seririt,Pangkungparuk,Buleleng,Bali,Polygon ZM
473,92749,Pangsan,446.2434417,1,Petang,Pangsan,Badung,Bali,Polygon ZM
474,92750,Pangyangan,798.4428525,1,Pekutatan,Pangyangan,Jembrana,Bali,Polygon ZM
475,92751,Petulu,352.5226241,1,Ubud,Petulu,Gianyar,Bali,Polygon ZM
476,92752,Pidpid,450.935544,1,Abang,Pidpid,Karangasem,Bali,Polygon ZM
477,92753,Pikat,554.9048616,1,Dawan,Pikat,Klungkung,Bali,Polygon ZM
478,92754,Pinggan,1942.07803,1,Kintamani,Pinggan,Bangli,Bali,Polygon ZM
479,92755,Semarapura Kauh,81.04345321,2,Klungkung,Semarapura Kauh,Klungkung,Bali,Polygon ZM
480,92756,Manikliyu,763.3933409,1,Kintamani,Manikliyu,Bangli,Bali,Polygon ZM
481,92757,Manikyang,308.002147,1,Selemadeg,Manikyang,Tabanan,Bali,Polygon ZM
482,92758,Manistutu,2948.564378,1,Melaya,Manistutu,Jembrana,Bali,Polygon ZM
483,92759,Manukaya,1183.798566,1,Tampaksiring,Manukaya,Gianyar,Bali,Polygon ZM
484,92760,Panjer,318.772961,2,Denpasar Selatan,Panjer,Kota Denpasar,Bali,Polygon ZM
485,92761,Panji,932.3710545,1,Sukasada,Panji,Buleleng,Bali,Polygon ZM
486,92762,Panji Anom,922.9362635,1,Sukasada,Panji Anom,Buleleng,Bali,Polygon ZM
487,92763,Pesedahan,75.98299368,1,Manggis,Pesedahan,Karangasem,Bali,Polygon ZM
488,92764,Patas,2643.732888,1,Gerokgak,Patas,Buleleng,Bali,Polygon ZM
489,92765,Patemon,251.3844119,1,Seririt,Patemon,Buleleng,Bali,Polygon ZM
490,92766,Pitra,371.691147,1,Penebel,Pitra,Tabanan,Bali,Polygon ZM
491,92767,Poh Bergong,245.5688735,1,Buleleng,Poh Bergong,Buleleng,Bali,Polygon ZM
492,92768,Pohsanten,1929.193583,1,Mendoyo,Pohsanten,Jembrana,Bali,Polygon ZM
493,92769,Pucaksari,1611.161787,1,Busungbiu,Pucaksari,Buleleng,Bali,Polygon ZM
494,92770,Puhu,1135.936385,1,Payangan,Puhu,Gianyar,Bali,Polygon ZM
495,92771,Semarapura Klod,112.080252,2,Klungkung,Semarapura Klod,Klungkung,Bali,Polygon ZM
496,92772,Semarapura Klod Kangin,89.68491484,2,Klungkung,Semarapura Klod Kangin,Klungkung,Bali,Polygon ZM
497,92773,Semarapura Tengah,65.69495189,2,Klungkung,Semarapura Tengah,Klungkung,Bali,Polygon ZM
498,92774,Sembiran,1867.489806,1,Tejakula,Sembiran,Buleleng,Bali,Polygon ZM
499,92775,Marga,232.2830286,1,Marga,Marga,Tabanan,Bali,Polygon ZM
500,92776,Marga Dajan Puri,82.97815375,1,Marga,Marga Dajan Puri,Tabanan,Bali,Polygon ZM
501,92777,Marga Dauh Puri,227.8336586,1,Marga,Marga Dauh Puri,Tabanan,Bali,Polygon ZM
502,92778,Payangan,531.0902561,1,Marga,Payangan,Tabanan,Bali,Polygon ZM
503,92779,Pecatu,2607.576898,1,Kuta Selatan,Pecatu,Badung,Bali,Polygon ZM
504,92780,Ped,1563.731572,1,Nusa Penida,Ped,Klungkung,Bali,Polygon ZM
505,92781,Pedawa,1392.333077,1,Banjar,Pedawa,Buleleng,Bali,Polygon ZM
506,92782,Pujungan,2442.285521,1,Pupuan,Pujungan,Tabanan,Bali,Polygon ZM
507,92783,Pulukan,2744.733344,1,Pekutatan,Pulukan,Jembrana,Bali,Polygon ZM
508,92784,Punggul,215.2812476,1,Abiansemal,Punggul,Badung,Bali,Polygon ZM
509,92785,Pupuan,562.3942803,1,Pupuan,Pupuan,Tabanan,Bali,Polygon ZM
510,92786,Pupuan,1215.00334,1,Tegallalang,Pupuan,Gianyar,Bali,Polygon ZM
511,92787,Sembung,635.7599958,1,Mengwi,Sembung,Badung,Bali,Polygon ZM
512,92788,Sembung Gede,572.0238726,1,Kerambitan,Sembung Gede,Tabanan,Bali,Polygon ZM
513,92789,Mas,676.2108811,1,Ubud,Mas,Gianyar,Bali,Polygon ZM
514,92790,Mayong,413.0387922,1,Seririt,Mayong,Buleleng,Bali,Polygon ZM
515,92791,Medahan,423.7074812,1,Blahbatuh,Medahan,Gianyar,Bali,Polygon ZM
516,92792,Medewi,2147.337464,1,Pekutatan,Medewi,Jembrana,Bali,Polygon ZM
517,92793,Megati,822.7046887,1,Selemadeg Timur,Megati,Tabanan,Bali,Polygon ZM
518,92794,Pedungan,761.9799478,2,Denpasar Selatan,Pedungan,Kota Denpasar,Bali,Polygon ZM
519,92795,Pegadungan,749.3039592,1,Sukasada,Pegadungan,Buleleng,Bali,Polygon ZM
520,92796,Pegayaman,1276.822815,1,Sukasada,Pegayaman,Buleleng,Bali,Polygon ZM
521,92797,Peguyangan,323.7862819,2,Denpasar Utara,Peguyangan,Kota Denpasar,Bali,Polygon ZM
522,92798,Pupuan Sawah,389.140084,1,Selemadeg,Pupuan Sawah,Tabanan,Bali,Polygon ZM
523,92799,Purwa Kerthi,985.1597912,1,Abang,Purwa Kerthi,Karangasem,Bali,Polygon ZM
524,92800,Rangdu,154.3934694,1,Seririt,Rangdu,Buleleng,Bali,Polygon ZM
525,92801,Rejasa,357.7509113,1,Penebel,Rejasa,Tabanan,Bali,Polygon ZM
526,92802,Rendang,754.0591623,1,Rendang,Rendang,Karangasem,Bali,Polygon ZM
527,92803,Renon,307.8149529,2,Denpasar Selatan,Renon,Kota Denpasar,Bali,Polygon ZM
528,92804,Seminyak,346.8768194,2,Kuta,Seminyak,Badung,Bali,Polygon ZM
529,92805,Sempidi,260.9896639,2,Mengwi,Sempidi,Badung,Bali,Polygon ZM
530,92806,Senganan,2315.905404,1,Penebel,Senganan,Tabanan,Bali,Polygon ZM
531,92807,Mekar Bhuwana,316.0795925,1,Abiansemal,Mekar Bhuwana,Badung,Bali,Polygon ZM
532,92808,Mekarsari,549.1289211,1,Baturiti,Mekarsari,Tabanan,Bali,Polygon ZM
533,92809,Melaya,2546.060083,1,Melaya,Melaya,Jembrana,Bali,Polygon ZM
534,92810,Peguyangan Kaja,318.7204001,1,Denpasar Utara,Peguyangan Kaja,Kota Denpasar,Bali,Polygon ZM
535,92811,Peguyangan Kangin,508.2158852,1,Denpasar Utara,Peguyangan Kangin,Kota Denpasar,Bali,Polygon ZM
536,92812,Pejarakan,3041.437147,1,Gerokgak,Pejarakan,Buleleng,Bali,Polygon ZM
537,92813,Riang Gede,498.105696,1,Penebel,Riang Gede,Tabanan,Bali,Polygon ZM
538,92814,Ringdikit,361.6603454,1,Seririt,Ringdikit,Buleleng,Bali,Polygon ZM
539,92815,Saba,629.447159,1,Blahbatuh,Saba,Gianyar,Bali,Polygon ZM
540,92816,Sengkidu,222.3576215,1,Manggis,Sengkidu,Karangasem,Bali,Polygon ZM
541,92817,Sepang,2030.542879,1,Busungbiu,Sepang,Buleleng,Bali,Polygon ZM
542,92818,Sepang Kelod,3381.140435,1,Busungbiu,Sepang Kelod,Buleleng,Bali,Polygon ZM
543,92819,Serai,501.5366844,1,Kintamani,Serai,Bangli,Bali,Polygon ZM
544,92820,Serangan,585.0369554,2,Denpasar Selatan,Serangan,Kota Denpasar,Bali,Polygon ZM
545,92821,Seraya,1414.357357,1,Karangasem,Seraya,Karangasem,Bali,Polygon ZM
546,92822,Seraya Barat,813.2208559,1,Karangasem,Seraya Barat,Karangasem,Bali,Polygon ZM
547,92823,Seraya Timur,1180.270433,1,Karangasem,Seraya Timur,Karangasem,Bali,Polygon ZM
548,92824,Seririt,142.3824363,2,Seririt,Seririt,Buleleng,Bali,Polygon ZM
549,92825,Meliling,272.917832,1,Kerambitan,Meliling,Tabanan,Bali,Polygon ZM
550,92826,Melinggih,464.2285592,1,Payangan,Melinggih,Gianyar,Bali,Polygon ZM
551,92827,Melinggih Kelod,402.6659494,1,Payangan,Melinggih Kelod,Gianyar,Bali,Polygon ZM
552,92828,Pejaten,189.5751192,1,Kediri,Pejaten,Tabanan,Bali,Polygon ZM
553,92829,Pejeng,269.4201357,1,Tampaksiring,Pejeng,Gianyar,Bali,Polygon ZM
554,92830,Pejeng Kaja,413.4660839,1,Tampaksiring,Pejeng Kaja,Gianyar,Bali,Polygon ZM
555,92831,Sading,296.0869071,2,Mengwi,Sading,Badung,Bali,Polygon ZM
556,92832,Sai,379.4458058,1,Pupuan,Sai,Tabanan,Bali,Polygon ZM
557,92833,Sakti,2112.848815,1,Nusa Penida,Sakti,Klungkung,Bali,Polygon ZM
558,92834,Sambangan,686.1553906,1,Sukasada,Sambangan,Buleleng,Bali,Polygon ZM
559,92835,Sambirenteng,1024.299142,1,Tejakula,Sambirenteng,Buleleng,Bali,Polygon ZM
560,92836,Sampalan Klod,97.5704165,1,Dawan,Sampalan Klod,Klungkung,Bali,Polygon ZM
561,92837,Serongga,222.6728736,1,Gianyar,Serongga,Gianyar,Bali,Polygon ZM
562,92838,Sesetan,533.0806783,2,Denpasar Selatan,Sesetan,Kota Denpasar,Bali,Polygon ZM
563,92839,Siakin,805.6265707,1,Kintamani,Siakin,Bangli,Bali,Polygon ZM
564,92840,Menanga,1214.288585,1,Rendang,Menanga,Karangasem,Bali,Polygon ZM
565,92841,Mendoyo Dangin Tukad,349.7990552,1,Mendoyo,Mendoyo Dangin Tukad,Jembrana,Bali,Polygon ZM
566,92842,Mendoyo Dauh Tukad,902.3470219,1,Mendoyo,Mendoyo Dauh Tukad,Jembrana,Bali,Polygon ZM
567,92843,Mengani,571.98101,1,Kintamani,Mengani,Bangli,Bali,Polygon ZM
568,92844,Mengening,567.9855444,1,Kubutambahan,Mengening,Buleleng,Bali,Polygon ZM
569,92845,Mengesta,964.0915584,1,Penebel,Mengesta,Tabanan,Bali,Polygon ZM
570,92846,Pejeng Kangin,405.2980092,1,Tampaksiring,Pejeng Kangin,Gianyar,Bali,Polygon ZM
571,92847,Pejeng Kawan,223.9105139,1,Tampaksiring,Pejeng Kawan,Gianyar,Bali,Polygon ZM
572,92848,Pejeng Kelod,166.2881243,1,Tampaksiring,Pejeng Kelod,Gianyar,Bali,Polygon ZM
573,92849,Pejukutan,1882.33185,1,Nusa Penida,Pejukutan,Klungkung,Bali,Polygon ZM
574,92850,Sampalan Tengah,42.37037401,1,Dawan,Sampalan Tengah,Klungkung,Bali,Polygon ZM
575,92851,Samplangan,365.0634819,2,Gianyar,Samplangan,Gianyar,Bali,Polygon ZM
576,92852,Siangan,402.1153045,1,Gianyar,Siangan,Gianyar,Bali,Polygon ZM
577,92853,Sibanggede,572.0226062,1,Abiansemal,Sibanggede,Badung,Bali,Polygon ZM
578,92854,Sibangkaja,343.0580829,1,Abiansemal,Sibangkaja,Badung,Bali,Polygon ZM
579,92855,Mengwi,213.7848672,1,Mengwi,Mengwi,Badung,Bali,Polygon ZM
580,92856,Mengwitani,444.8529384,1,Mengwi,Mengwitani,Badung,Bali,Polygon ZM
581,92857,Menyali,404.7044906,1,Sawan,Menyali,Buleleng,Bali,Polygon ZM
582,92858,Muncan,689.4491876,1,Selat,Muncan,Karangasem,Bali,Polygon ZM
583,92859,Peken Belayu,113.0497897,1,Marga,Peken Belayu,Tabanan,Bali,Polygon ZM
584,92860,Pekutatan,1375.663925,1,Pekutatan,Pekutatan,Jembrana,Bali,Polygon ZM
585,92861,Pelaga,3342.657105,1,Petang,Pelaga,Badung,Bali,Polygon ZM
586,92862,Pelapuan,379.0886863,1,Busungbiu,Pelapuan,Buleleng,Bali,Polygon ZM
587,92863,Samsam,342.9599053,1,Kerambitan,Samsam,Tabanan,Bali,Polygon ZM
588,92864,Sanda,1372.664319,1,Pupuan,Sanda,Tabanan,Bali,Polygon ZM
589,92865,Sanding,209.4128474,1,Tampaksiring,Sanding,Gianyar,Bali,Polygon ZM
590,92866,Sangeh,484.7428776,1,Abiansemal,Sangeh,Badung,Bali,Polygon ZM
591,92867,Sibetan,687.7681087,1,Bebandem,Sibetan,Karangasem,Bali,Polygon ZM
592,92868,Sidakarya,420.2853812,1,Denpasar Selatan,Sidakarya,Kota Denpasar,Bali,Polygon ZM
593,92869,Sidan,239.8510111,1,Gianyar,Sidan,Gianyar,Bali,Polygon ZM
594,92870,Sidemen,513.3050779,1,Sidemen,Sidemen,Karangasem,Bali,Polygon ZM
595,92871,Sidetapa,709.3687495,1,Banjar,Sidetapa,Buleleng,Bali,Polygon ZM
596,92872,Silangjana,834.2785007,1,Sukasada,Silangjana,Buleleng,Bali,Polygon ZM
597,92873,Sinabun,326.8363829,1,Sawan,Sinabun,Buleleng,Bali,Polygon ZM
598,92874,Sinduwati,356.2795894,1,Sidemen,Sinduwati,Karangasem,Bali,Polygon ZM
599,92875,Mundeh,1616.902509,1,Selemadeg Barat,Mundeh,Tabanan,Bali,Polygon ZM
600,92876,Mundeh Kangin,1237.203593,1,Selemadeg Barat,Mundeh Kangin,Tabanan,Bali,Polygon ZM
601,92877,Peliatan,412.3626543,1,Ubud,Peliatan,Gianyar,Bali,Polygon ZM
602,92878,Pemaron,148.0170868,1,Buleleng,Pemaron,Buleleng,Bali,Polygon ZM
603,92879,Pemecutan,139.1279326,2,Denpasar Barat,Pemecutan,Kota Denpasar,Bali,Polygon ZM
604,92880,Pemecutan Kaja,325.608182,1,Denpasar Utara,Pemecutan Kaja,Kota Denpasar,Bali,Polygon ZM
605,92881,Pemecutan Kelod,533.9170249,1,Denpasar Barat,Pemecutan Kelod,Kota Denpasar,Bali,Polygon ZM
606,92882,Sanggalangit,1029.856204,1,Gerokgak,Sanggalangit,Buleleng,Bali,Polygon ZM
607,92883,Sangkan Gunung,919.8917233,1,Sidemen,Sangkan Gunung,Karangasem,Bali,Polygon ZM
608,92884,Sangkaragung,454.1329949,2,Jembrana,Sangkaragung,Jembrana,Bali,Polygon ZM
609,92885,Singakerta,626.9714122,1,Ubud,Singakerta,Gianyar,Bali,Polygon ZM
610,92886,Singapadu,296.3101874,1,Sukawati,Singapadu,Gianyar,Bali,Polygon ZM
611,92887,Mundeh Kauh,762.9862352,1,Selemadeg Barat,Mundeh Kauh,Tabanan,Bali,Polygon ZM
612,92888,Munduk,2276.945173,1,Banjar,Munduk,Buleleng,Bali,Polygon ZM
613,92889,Munduk Bestala,240.0655935,1,Seririt,Munduk Bestala,Buleleng,Bali,Polygon ZM
614,92890,Munduktemu,1888.42255,1,Pupuan,Munduktemu,Tabanan,Bali,Polygon ZM
615,92891,Munggu,684.0015489,1,Mengwi,Munggu,Badung,Bali,Polygon ZM
616,92892,Musi,1624.70282,1,Gerokgak,Musi,Buleleng,Bali,Polygon ZM
617,92893,Pemogan,961.4241401,1,Denpasar Selatan,Pemogan,Kota Denpasar,Bali,Polygon ZM
618,92894,Pempatan,4916.487329,1,Rendang,Pempatan,Karangasem,Bali,Polygon ZM
619,92895,Pemuteran,3267.745036,1,Gerokgak,Pemuteran,Buleleng,Bali,Polygon ZM
620,92896,Penarukan,114.9530386,1,Kerambitan,Penarukan,Tabanan,Bali,Polygon ZM
621,92897,Penarukan,400.7779191,2,Buleleng,Penarukan,Buleleng,Bali,Polygon ZM
622,92898,Sangketan,1226.157532,1,Penebel,Sangketan,Tabanan,Bali,Polygon ZM
623,92899,Sangsit,420.9016899,1,Sawan,Sangsit,Buleleng,Bali,Polygon ZM
624,92900,Sanur,339.729,2,Denpasar Selatan,Sanur,Kota Denpasar,Bali,Polygon ZM
625,92901,Singapadu Kaler,398.8861119,1,Sukawati,Singapadu Kaler,Gianyar,Bali,Polygon ZM
626,92902,Singapadu Tengah,295.8351891,1,Sukawati,Singapadu Tengah,Gianyar,Bali,Polygon ZM
627,92903,Sobangan,334.8601428,1,Mengwi,Sobangan,Badung,Bali,Polygon ZM
628,92904,Songan A,1319.224321,1,Kintamani,Songan A,Bangli,Bali,Polygon ZM
629,92905,Songan B,2429.496266,1,Kintamani,Songan B,Bangli,Bali,Polygon ZM
630,92906,Nagasepaha,87.55388374,1,Buleleng,Nagasepaha,Buleleng,Bali,Polygon ZM
631,92907,Nawa Kerti,557.7383848,1,Abang,Nawa Kerti,Karangasem,Bali,Polygon ZM
632,92908,Negari,213.1257906,1,Banjarangkan,Negari,Klungkung,Bali,Polygon ZM
633,92909,Ngis,633.9291762,1,Manggis,Ngis,Karangasem,Bali,Polygon ZM
634,92910,Nongan,712.1260064,1,Rendang,Nongan,Karangasem,Bali,Polygon ZM
635,92911,Penarungan,409.9422071,1,Mengwi,Penarungan,Badung,Bali,Polygon ZM
636,92912,Penatahan,487.2332298,1,Penebel,Penatahan,Tabanan,Bali,Polygon ZM
637,92913,Penatih,374.1472415,2,Denpasar Timur,Penatih,Kota Denpasar,Bali,Polygon ZM
638,92914,Penatih Dangin Puri,318.9360567,1,Denpasar Timur,Penatih Dangin Puri,Kota Denpasar,Bali,Polygon ZM
639,92915,Pendem,2012.421793,2,Jembrana,Pendem,Jembrana,Bali,Polygon ZM
640,92916,Sanur Kaja,241.327556,1,Denpasar Selatan,Sanur Kaja,Kota Denpasar,Bali,Polygon ZM
641,92917,Sanur Kauh,474.3170325,1,Denpasar Selatan,Sanur Kauh,Kota Denpasar,Bali,Polygon ZM
642,92918,Serampingan,319.307965,1,Selemadeg,Serampingan,Tabanan,Bali,Polygon ZM
643,92919,Suana,1262.299087,1,Nusa Penida,Suana,Klungkung,Bali,Polygon ZM
644,92920,Subagan,843.9392789,2,Karangasem,Subagan,Karangasem,Bali,Polygon ZM
645,92921,Subamia,244.8722918,1,Tabanan,Subamia,Tabanan,Bali,Polygon ZM
646,92922,Nusasari,790.103573,1,Melaya,Nusasari,Jembrana,Bali,Polygon ZM
647,92923,Nyalian,491.6526744,1,Banjarangkan,Nyalian,Klungkung,Bali,Polygon ZM
648,92924,Nyambu,347.6762571,1,Kediri,Nyambu,Tabanan,Bali,Polygon ZM
649,92925,Nyanglan,203.7554645,1,Banjarangkan,Nyanglan,Klungkung,Bali,Polygon ZM
650,92926,Penebel,452.5263057,1,Penebel,Penebel,Tabanan,Bali,Polygon ZM
651,92927,Pengambengan,675.3608297,1,Negara,Pengambengan,Jembrana,Bali,Polygon ZM
652,92928,Pengastulan,89.9917636,1,Seririt,Pengastulan,Buleleng,Bali,Polygon ZM
653,92929,Pengejaran,436.7052898,1,Kintamani,Pengejaran,Bangli,Bali,Polygon ZM
654,92930,Pengiangan,382.3141255,1,Susut,Pengiangan,Bangli,Bali,Polygon ZM
655,92931,Sarimekar,243.8090503,1,Buleleng,Sarimekar,Buleleng,Bali,Polygon ZM
656,92932,Satra,152.1417144,1,Klungkung,Satra,Klungkung,Bali,Polygon ZM
657,92933,Satra,902.5400891,1,Kintamani,Satra,Bangli,Bali,Polygon ZM
658,92934,Sawan,211.462217,1,Sawan,Sawan,Buleleng,Bali,Polygon ZM
659,92935,Sayan,464.2097064,1,Ubud,Sayan,Gianyar,Bali,Polygon ZM
660,92936,Subaya,465.509563,1,Kintamani,Subaya,Bangli,Bali,Polygon ZM
661,92937,Subuk,354.6398652,1,Busungbiu,Subuk,Buleleng,Bali,Polygon ZM
662,92938,Sudaji,869.7534492,1,Sawan,Sudaji,Buleleng,Bali,Polygon ZM
663,92939,Sudimara,700.6001053,1,Tabanan,Sudimara,Tabanan,Bali,Polygon ZM
664,92940,Sukadana,2111.568904,1,Kubu,Sukadana,Karangasem,Bali,Polygon ZM
665,92941,Sukasada,443.9739476,2,Sukasada,Sukasada,Buleleng,Bali,Polygon ZM
666,92942,Sukawana,3205.25095,1,Kintamani,Sukawana,Bangli,Bali,Polygon ZM
667,92943,Nyitdah,310.6491517,1,Kediri,Nyitdah,Tabanan,Bali,Polygon ZM
668,92944,Nyuh Tebel,154.668146,1,Manggis,Nyuh Tebel,Karangasem,Bali,Polygon ZM
669,92945,Pacung,659.9551383,1,Tejakula,Pacung,Buleleng,Bali,Polygon ZM
670,92946,Padangkerta,646.1722149,2,Karangasem,Padangkerta,Karangasem,Bali,Polygon ZM
671,92947,Padang Sambian Kaja,316.179142,1,Denpasar Barat,Padang Sambian Kaja,Kota Denpasar,Bali,Polygon ZM
672,92948,Padangan,654.77069,1,Pupuan,Padangan,Tabanan,Bali,Polygon ZM
673,92949,Penglatan,248.5300239,1,Buleleng,Penglatan,Buleleng,Bali,Polygon ZM
674,92950,Penglumbaran,724.1568657,1,Susut,Penglumbaran,Bangli,Bali,Polygon ZM
675,92951,Pengotan,1098.958617,1,Bangli,Pengotan,Bangli,Bali,Polygon ZM
676,92952,Pengeragoan,2455.176568,1,Pekutatan,Pengeragoan,Jembrana,Bali,Polygon ZM
677,92953,Pengulon,1225.504197,1,Gerokgak,Pengulon,Buleleng,Bali,Polygon ZM
678,92954,Peninjoan,1299.087034,1,Tembuku,Peninjoan,Bangli,Bali,Polygon ZM
679,92955,Penuktukan,617.2986923,1,Tejakula,Penuktukan,Buleleng,Bali,Polygon ZM
680,92956,Penyabangan,1853.050956,1,Gerokgak,Penyabangan,Buleleng,Bali,Polygon ZM
681,92957,Penyaringan,4976.537408,1,Mendoyo,Penyaringan,Jembrana,Bali,Polygon ZM
682,92958,Sebatu,972.6266013,1,Tegallalang,Sebatu,Gianyar,Bali,Polygon ZM
683,92959,Sebudi,2611.313893,1,Selat,Sebudi,Karangasem,Bali,Polygon ZM
684,92960,Sesandan,212.1224816,1,Tabanan,Sesandan,Tabanan,Bali,Polygon ZM
685,92961,Sedang,369.5055121,1,Abiansemal,Sedang,Badung,Bali,Polygon ZM
686,92962,Sekaan,371.6488533,1,Kintamani,Sekaan,Bangli,Bali,Polygon ZM
687,92963,Sekardadi,537.0582684,1,Kintamani,Sekardadi,Bangli,Bali,Polygon ZM
688,92964,Sekartaji,1505.424144,1,Nusa Penida,Sekartaji,Klungkung,Bali,Polygon ZM
689,92965,Sekumpul,237.4461788,1,Sawan,Sekumpul,Buleleng,Bali,Polygon ZM
690,92966,Sukawati,666.4855562,1,Sukawati,Sukawati,Gianyar,Bali,Polygon ZM
691,92967,Sulahan,680.1772008,1,Susut,Sulahan,Bangli,Bali,Polygon ZM
692,92968,Sulang,78.93908991,1,Dawan,Sulang,Klungkung,Bali,Polygon ZM
693,92969,Padangbai,198.2796548,1,Manggis,Padangbai,Karangasem,Bali,Polygon ZM
694,92970,Padangbulia,322.9576548,1,Sukasada,Padangbulia,Buleleng,Bali,Polygon ZM
695,92971,Padangsambian,374.7501765,2,Denpasar Barat,Padangsambian,Kota Denpasar,Bali,Polygon ZM
696,92972,Padangsambian Kelod,395.5250541,1,Denpasar Barat,Padangsambian Kelod,Kota Denpasar,Bali,Polygon ZM
697,92973,Perancak,399.3015145,1,Jembrana,Perancak,Jembrana,Bali,Polygon ZM
698,92974,Perean,388.2349938,1,Baturiti,Perean,Tabanan,Bali,Polygon ZM
699,92975,Perean Kangin,433.2813971,1,Baturiti,Perean Kangin,Tabanan,Bali,Polygon ZM
700,92976,Selabih,752.2689741,1,Selemadeg Barat,Selabih,Tabanan,Bali,Polygon ZM
701,92977,Selanbawak,288.7618976,1,Marga,Selanbawak,Tabanan,Bali,Polygon ZM
702,92978,Selat,186.3712714,1,Abiansemal,Selat,Badung,Bali,Polygon ZM
703,92979,Sulangai,1101.767895,1,Petang,Sulangai,Badung,Bali,Polygon ZM
704,92980,Pajahan,961.0267903,1,Pupuan,Pajahan,Tabanan,Bali,Polygon ZM
705,92981,Paket Agung,83.10666634,2,Buleleng,Paket Agung,Buleleng,Bali,Polygon ZM
706,92982,Pakisan,1678.430651,1,Kubutambahan,Pakisan,Buleleng,Bali,Polygon ZM
707,92983,Paksebali,285.8817142,1,Dawan,Paksebali,Klungkung,Bali,Polygon ZM
708,92984,Pancasari,3038.855516,1,Sukasada,Pancasari,Buleleng,Bali,Polygon ZM
709,92985,Pandak Bandung,186.4626721,1,Kediri,Pandak Bandung,Tabanan,Bali,Polygon ZM
710,92986,Perean Tengah,362.3400687,1,Baturiti,Perean Tengah,Tabanan,Bali,Polygon ZM
711,92987,Pererenan,261.3361207,1,Mengwi,Pererenan,Badung,Bali,Polygon ZM
712,92988,Pergung,2152.346026,1,Mendoyo,Pergung,Jembrana,Bali,Polygon ZM
713,93481,Tianyar,1493.120372,1,Kubu,Tianyar,Karangasem,Bali,Polygon ZM
714,93527,Tangkup,252.7523071,1,Sidemen,Tangkup,Karangasem,Bali,Polygon ZM
715,93528,Pesaban,309.7399864,1,Rendang,Pesaban,Karangasem,Bali,Polygon ZM
